{
    "loss": 11.915750503540039,
    "accuracy": 0.5467625856399536
}