{
    "loss": 4.245351791381836,
    "accuracy": 0.5035971403121948
}